flat_type,full_address,floor_type,square,price
4К,"ОрджоникидзевскийГалиуллина, 47/2",1/5,63/45/8 м2,4 450 000 р.
2Кнестандартная,"ОрджоникидзевскийЛенина пр-т, 133/1",3/10,57/35/10 м2,5 000 000 р.
3Краздельная,"Орджоникидзевский (левый берег)Пушкина, 36",4/4,65/45/6 м2,2 300 000 р.
2Кнестандартная,"ОрджоникидзевскийЖукова, 14/2",6/9,58/35/10 м2,5 200 000 р.
3Кнестандартная,"ПравобережныйЗавенягина, 14/1",5/5,63/42/9 м2,4 300 000 р.
3Кстарой планировки,"ЛенинскийКуйбышева, 26",3/5,"66,7/43/9 м2",5 300 000 р.
1Кхабаровский вариант,"Орджоникидзевский50-летия Магнитки, 70",1/5,35/17/9 м2,2 900 000 р.
2Кхрущевка,"ЛенинскийСтадион, аквапаркОктябрьская, 28",5/5,"44,7/30/5,6 м2",2 970 000 р.
3К,"Горького, 24",3/4,70/48/14 м2,6 800 000 р.
3К,"ЛенинскийОктябрьская, 17",5/5,"76,4/58/12 м2",6 400 000 р.
2К,"ПравобережныйСоветской Армии, 29к3",10/15,40/20/16 м2,3 800 000 р.
3К,"ОрджоникидзевскийСоветская, 209/1",9/16,"91,2/0/11,5 м2",6 300 000 р.
1К,"ОрджоникидзевскийКарла Маркса, 237/3",4/10,32/0/8 м2,2 406 000 р.
3К,"Правобережныйул. имени газеты Правда, 57",2/5,"56,4/43/6 м2",4 300 000 р.
2К,"ул. Горнолыжная, 26",2/2,36/28/3 м2,3 700 000 р.
3Кнестандартная,"Орджоникидзевский50-летия Магнитки, 51а",7/10,103/70/25 м2,8 000 000 р.
3К,"ОрджоникидзевскийЛенина пр-т, 129/2",6/9,105/78/14 м2,8 200 000 р.
4К,"ОрджоникидзевскийТруда, 18",9/9,"79/52,7/8,2 м2",5 990 000 р.
3Кхрущевка,"ПравобережныйИм. газеты ""Правда"", 57",2/5,"56,4/43/6 м2",4 300 000 р.
3К,"Карла Маркса, 99/2",1/5,61/43/7 м2,4 300 000 р.
2К,"Уральская, 37",2/3,51/32/8 м2,3 300 000 р.
2К,"Строителей, 20",2/3,52/32/9 м2,3 050 000 р.
3К,"Советская, 168",5/9,"66/46/8,5 м2",3 800 000 р.
2Кхабаровский вариант,"ОрджоникидзевскийТруда, 31/3",4/5,"54,1/32/9 м2",4 190 000 р.
1К,"Ленина пр-т, 212а",1/1,"35,6/27/6 м2",1 850 000 р.
,Ленина пр-т,1/1,200/100/25 м2,4 400 000 р.
1К,"Карла Маркса, 102/1",2/5,31/18/6 м2,2 500 000 р.
2К,"ул Ворошилова, 21",10/10,52/40/9 м2,4 300 000 р.
2К,"Ленина пр-т, 214Б",1/1,60/40/20 м2,4 000 000 р.
1К,"Ленина пр-т, 84/2",2/5,"21,8/12/5 м2",1 700 000 р.
1К,"ОрджоникидзевскийВорошилова, 30",1/9,33/18/9 м2,2 750 000 р.
2К,"ОрджоникидзевскийЗеленый Лог, 17",3/10,"55,1/0/6 м2",4 490 000 р.
2Кбрежневка,ОрджоникидзевскийДоменщиков,5/5,46/31/6 м2,3 400 000 р.
2Кбрежневка,"ПравобережныйКарла Маркса, 111/1",2/5,"47,2/31/6 м2",3 600 000 р.
4Ктрапеция,"Орджоникидзевскийдетская стоматологияТруда, 35",6/9,"74,9/49,8/7,7 м2",5 200 000 р.
2К,"Карла Маркса, 92/1",5/5,"44,9/30/6 м2",3 400 000 р.
2К,"ул Калмыкова, 8/1",3/9,"52/0/9,1 м2",3 400 000 р.
1К,"Ленина пр-т, 152",6/9,31/0/7 м2,2 400 000 р.
1К,"ул Жукова, 17/1",5/9,33/0/8 м2,2 500 000 р.
1К,"Сиреневый проезд, 26",3/9,34/0/8 м2,2 400 000 р.
2К,"ПравобережныйСоветская, 84",4/4,"43,9/0/5,5 м2",3 350 000 р.
1К,"ОрджоникидзевскийКарла Маркса, 231",3/10,33/21/6 м2,2 500 000 р.
2Кнестандартная,"ЛенинскийУральская, 36",1/4,"65,3/38/18 м2",5 300 000 р.
3Кнестандартная,"ПравобережныйМичурина, 136/2",9/9,"97,9/64/12 м2",9 100 000 р.
2Кстарой планировки,"ЛенинскийМосковская, 37",1/3,48/33/8 м2,2 900 000 р.
3Кнестандартная,"ОрджоникидзевскийЛенина пр-т, 129",5/16,105/75/14 м2,7 700 000 р.
1Кнестандартная,"ОрджоникидзевскийКарла Маркса, 224",5/16,"41,1/20/12 м2",3 500 000 р.
2К,"ОрджоникидзевскийЛенина пр-т, 129",2/16,72/33/14 м2,6 000 000 р.
2К,"Советская, 168",4/9,"49,5/32/8,5 м2",3 400 000 р.
2К,"Суворова, 132/1",3/5,43/30/6 м2,2 900 000 р.
1К,"Суворова, 133/1",2/5,33/18/6 м2,2 050 000 р.
1К,"Грязнова, 17",3/5,32/19/6 м2,2 150 000 р.
1К,"Московская, 12",2/5,32/18/6 м2,2 000 000 р.
2Ксмежная,"ПравобережныйКарла Маркса, 118",1/5,"45,3/30/6 м2",3 150 000 р.
4К,"ОрджоникидзевскийКарла Маркса, 185",4/9,105/83/10 м2,8 000 000 р.
3Кнестандартная,"ПравобережныйЗападное шоссе, 103",2/3,75/45/8 м2,6 300 000 р.
1К,"ПравобережныйГрязнова, 42/2",7/17,"35,8/19/9 м2",2 450 000 р.
2К,"ул Дружбы, 40",1/5,46/35/6 м2,2 700 000 р.
2К,"Карла Маркса, 14",2/5,45/30/6 м2,2 750 000 р.
1К,"Бориса Ручьева, 8/1",1/5,33/20/6 м2,2 650 р.
3К,"ОрджоникидзевскийКарла Маркса, 230/2",7/10,"64/45/8,5 м2",5 600 000 р.
1Кнестандартная,"ОрджоникидзевскийТевосяна, 4",2/10,41/21/9 м2,4 300 000 р.
3Кнестандартная,"ОрджоникидзевскийЗеленый Лог, 33",5/10,65/45/9 м2,4 200 000 р.
2К,"Ленинскийул Октябрьская, 17",2/5,"59,1/32,4/9 м2",4 150 000 р.
3К,"Школьная, 10",1/1,"59,5/47/12 м2",500 000 р.
1К,"Дружбы, 42",1/5,32/17/6 м2,2 190 000 р.
1К,"ОрджоникидзевскийЗеленый Лог, 19",5/10,"31,4/18/6 м2",2 600 000 р.
3Кстарой планировки,"ЛенинскийМенделеева, 6",3/4,83/55/9 м2,5 600 000 р.
3Ксвердловский вариант,"ОрджоникидзевскийВорошилова, 13/1",4/13,65/43/10 м2,4 450 000 р.
3Кнестандартная,"ЛенинскийКазакова, 5",4/5,"73,9/50/12 м2",6 050 000 р.
1К,"ОрджоникидзевскийЗеленый Лог, 33/2",6/10,37/18/10 м2,2 950 000 р.
1К,"Московская, 81",1/3,323/17/6 м2,2 450 000 р.
1К,"ПравобережныйКарла Маркса, 136",8/9,"32,5/18/6 м2",2 700 000 р.
3К,"ЛенинскийСтроителей, 57",6/6,"72,8/44/8 м2",6 200 000 р.
1К,"Орджоникидзевский147Карла Маркса, 231/2",10/10,30/17/6 м2,2 800 000 р.
3Кнестандартная,"Ленинский (Левый берег)Маяковского, 64",4/5,"64,7/38/7 м2",3 500 000 р.
2К,"Мичурина, 99",3/5,45/30/6 м2,2 800 000 р.
2К,"Ленина пр-т, 129/1",4/10,57/36/9 м2,6 200 000 р.
3К,,2/9,66/48/9 м2,4 150 000 р.
1К,"ЛенинскийМосковская, 17/1",2/2,28/16/8 м2,1 600 000 р.
1К,"ул. Курортная, 81/1",1/2,45/37/4 м2,3 400 000 р.
1Кмалосемейка,"ПравобережныйЛенина пр-т, 98/1",7/9,"30,4/17/6 м2",1 790 000 р.
2Кулучшенная,"ОрджоникидзевскийВорошилова, 21",9/9,50/30/9 м2,3 490 000 р.
1Кбрежневка,"ПравобережныйГрязнова, 30",5/5,30/18/6 м2,1 950 000 р.
3Кулучшенная,"ОрджоникидзевскийТруда, 21",9/9,65/45/9 м2,4 250 000 р.
2Кстарой планировки,"ЛенинскийМеталлургов, 12",1/5,54/33/7 м2,2 900 000 р.
1Кулучшенная,"ОрджоникидзевскийЗеленый Лог, 21/1",7/10,"32/17/7,5 м2",2 570 000 р.
2Кнестандартная,"ОрджоникидзевскийСиреневый проезд, 12/1",7/9,"56,1/35/9 м2",4 590 000 р.
1Кнестандартная,"ОрджоникидзевскийКарла Маркса, 230/1",7/10,33/17/9 м2,2 550 000 р.
2Кстарой планировки,"ЛенинскийМеталлургов, 18/1",3/4,"51,7/30/8 м2",4 890 000 р.
2К,"Советская, 168",1/9,"58,6/31/12 м2",4 990 000 р.
1К,"ул Зеленый лог, 54",7/9,33/18/9 м2,2 850 000 р.
,"Карла Маркса, 119/1",2/5,41/0/6 м2,3 600 000 р.
1К,"ОрджоТевосяна, 27",2/9,34/18/9 м2,2 850 р.
1К,"ул Вознесенская, 7",8/10,"32,2/20/9 м2",2 900 000 р.
,"Карла Маркса, 117",2/5,41/26/6 м2,3 400 000 р.
1К,"Карла Маркса, 223",12/14,35/17/8 м2,2 300 000 р.
3К,"Сиреневый проезд, 12",2/9,65/0/9 м2,4 150 000 р.
,"ул Жукова, 17/1",4/9,"40,1/18/9 м2",3 100 000 р.
1К,"ул Московская, 26к3",1/4,"32,4/19/6 м2",2 100 000 р.
1К,33 ул. Курортная,2/4,"23,7/18/3 м2",3 332 000 р.
нестандартная,"Орджоникидзевский (левый берег)Пионерская, 4",3/4,91/70/10 м2,3 500 000 р.
4К,"ул. Торфяная, 5/2",2/2,"129,1/85/20 м2",6 990 000 р.
2К,"ПравобережныйИндустриальная, 20",5/5,42/30/6 м2,2 850 000 р.
2Кленинградский проект,"ЛенинскийСтроителей, 52",2/3,54/37/7 м2,3 200 000 р.
1К,"ЛенинскийЛенина пр-т, 192а",1/1,18/18/18 м2,1 100 000 р.
1К,"ЛенинскийЛенина пр-т, 129а",1/1,"35,7/25/10 м2",2 000 000 р.
3К,"ОрджоникидзевскийПушкина, 34",2/5,67/45/8 м2,3 000 000 р.
,"Ленина пр-т, 129А",1/1,220/150/20 м2,5 000 000 р.
3К,,5/5,"61,5/0/0 м2",3 700 000 р.
1К,"ПравобережныйСуворова, 128",5/9,34/20/7 м2,2 350 000 р.
2К,"ОрджоникидзевскийБориса Ручьева, 8/1",2/5,41/30/6 м2,2 900 000 р.
2К,"Орджоникидзевскийул.Кронштадтская, 11",1/1,35/25/10 м2,3 990 000 р.
2Кхрущевка,"ПравобережныйСоветская, 127/1",4/5,45/27/6 м2,3 300 000 р.
1К,"Ленина пр-т, 214Б",1/1,35/18/6 м2,1 850 000 р.
3К,"Карла Маркса, 233",6/10,"67/39,5/8,1 м2",4 830 000 р.
3Краздельная,"ОрджоникидзевскийКарла Маркса, 233",9/10,67/42/9 м2,4 600 000 р.
2Кбрежневка,"ПравобережныйСоветская, 137",1/5,44/28/6 м2,3 350 000 р.
1К,,7/9,32/18/8 м2,3 240 000 р.
3К,"ул Октябрьская, 32/1",5/5,51/0/6 м2,3 350 000 р.
2К,"Суворова, 136/1",2/5,"44,3/30/6 м2",2 980 000 р.
1К,"Ленина пр-т, 114/4",5/14,40/17/13 м2,2 650 000 р.
1К,"ЛенинскийЛенина пр-т, 18",2/4,"34,5/20/10 м2",2 242 500 р.
2Кстарой планировки,"ЛенинскийЛомоносова, 23",2/3,"55,6/33/9 м2",4 000 000 р.
2Кулучшенная,"ОрджоникидзевскийСиреневый проезд, 28",8/9,50/38/9 м2,4 850 000 р.
4Кгребенка,"Орджоникидзевский (левый берег)Красноармейская, 6",3/3,84/56/20 м2,3 950 000 р.
3Кулучшенная,"ПравобережныйКарла Маркса, 141/3",1/9,"64,6/45/9 м2",4 450 000 р.
2К,"Орджоникидзевскийул Зеленый лог, 23",8/10,45/30/6 м2,2 600 000 р.
,"Сиреневый проезд, 11/2",9/9,53/40/9 м2,3 500 000 р.
2К,"Лесная, 8А",4/5,"45,5/38/6 м2",2 400 000 р.
3К,"Советской Армии, 29/1",5/5,"61,5/45/6 м2",4 100 000 р.
3К,"ОрджоникидзевскийЛенина пр-т, 145/2",1/5,65/0/9 м2,3 500 000 р.
2К,"ПравобережныйКарла Маркса, 91",5/9,53/35/8 м2,4 100 000 р.
1К,"ЛенинскийПанькова, 3/1",1/3,26/13/7 м2,1 000 000 р.
3К,"ул Первомайская, 3",1/3,"67,9/47,7/6 м2",4 199 000 р.
4К,"Советская, 147/5",4/5,61/45/7 м2,4 050 000 р.
2К,"ОрджоникидзевскийТруда, 59/1",7/10,"62,6/38/12 м2",6 100 000 р.
3К,"ОрджоникидзевскийТруда, 14",8/9,80/53/9 м2,5 800 000 р.
2Кгребенка,"ЛенинскийСтроителей, 49",2/5,"56,2/30,2/8,5 м2",3 500 000 р.
1К,"Карла Маркса, 230/1",5/9,32/18/8 м2,2 520 000 р.
2К,"Жукова, 14/2",1/10,"57,1/35/10 м2",4 000 000 р.
2К,"Ленина пр-т, 37",2/5,52/30/8 м2,3 900 000 р.
3К,"Ленина пр-т, 33",3/5,"81,2/65/9 м2",5 200 000 р.
2К,"Правобережныйул Индустриальная, 15",1/1,"57,5/38/9 м2",4 800 000 р.
1К,"ул Мичурина, 136/2",6/9,"36,7/20/9 м2",3 250 000 р.
2К,"ул Дружбы, 17",5/5,44/0/6 м2,2 800 000 р.
1К,"ул Чекалина, 10",1/5,30/18/6 м2,2 000 000 р.
1К,"Привокзальная, 29кв1",1/1,"42,5/22/12 м2",400 000 р.
3К,"Ленина пр-т, 86",9/9,"65,2/0/0 м2",4 250 000 р.
3К,"ул Строителей, 49",3/4,95/60/10 м2,7 000 000 р.
2К,"ЛенинскийЛенина пр-т, 45/1",1/3,"51,1/33,4/8,7 м2",3 900 000 р.
1К,"ОрджоникидзевскийЛенина пр-т, 148",2/14,36/18/12 м2,2 800 000 р.
3К,"ЛенинскийСтроителей, 43",1/4,"81,4/50/25 м2",6 990 000 р.
2К,"Ленинский. Металлургов, 18/1",3/4,"51,4/30/6 м2",4 890 000 р.
3Кнестандартная,"ОрджоникидзевскийКарла Маркса, 233",10/11,67/39/9 м2,4 530 000 р.
3Кстарой планировки,"ЛенинскийЛенина пр-т, 23",3/3,"65,9/48/7,5 м2",3 900 000 р.
2К,"Ленина пр-т, 87А",4/10,60/47/12 м2,3 920 000 р.
1К,"Зеленый Лог, 63",2/3,41/18/15 м2,2 900 000 р.
3К,"Тевосяна, 25",3/9,66/49/9 м2,3 950 000 р.
1К,,2/3,41/22/9 м2,2 900 000 р.
2К,,2/3,57/40/12 м2,4 000 000 р.
1К,"Ленина пр-т, 87А",7/14,54/36/14 м2,3 170 000 р.
1К,"ул. Курортная, 8",3/4,"17,5/0/0 м2",2 430 000 р.
3К,"ОрджоникидзевскийСиреневый проезд, 24",5/9,68/42/9 м2,5 500 000 р.
3Кбрежневка,"ОрджоникидзевскийВорошилова, 29",5/9,58/42/7 м2,4 450 000 р.
1К,"Советской Армии, 39",1/5,30/17/6 м2,2 660 000 р.
1К,"Зеленый лог, 33",8/10,32/0/6 м2,2 450 000 р.
1К,"Ленина пр-т, 214Б",1/1,35/27/6 м2,2 000 000 р.
2К,"ОрджоникидзевскийКарла Маркса, 237/2",9/10,"48,4/0/6 м2",3 300 000 р.
2Кхрущевка,"Орджоникидзевский (левый берег)Трамвайная, 30",3/4,43/30/6 м2,2 500 000 р.
3К,"ЛенинскийКомсомольская, 28",3/4,"82,3/70/9 м2",4 910 000 р.
3К,"ПравобережныйЗападное шоссе, 103",2/3,"90,8/55/9 м2",7 300 000 р.
3К,"ОрджоникидзевскийДоменщиков, 25",5/5,63/52/7 м2,4 250 000 р.
1К,"ОрджоникидзевскийЛенина пр-т, 143",10/10,45/25/12 м2,4 200 000 р.
3Кстарой планировки,"ЛенинскийПервомайская, 1",1/2,"53,3/31,1/6 м2",3 200 000 р.
1К,"ОрджоникидзевскийЛенина пр-т, 142",4/16,"33,3/15/8 м2",3 200 000 р.
2К,"Советский переулок, 10/1",5/9,"43,6/32/6 м2",3 700 000 р.
2К,"Строителей, 58/1",3/3,75/35/20 м2,7 150 000 р.
2Кстарой планировки,"ЛенинскийНиколая Шишка, 20/1",3/5,43/29/6 м2,2 450 000 р.
3Ксвердловский вариант,"ОрджоникидзевскийКалмыковаКоробова, 12",1/10,69/58/8 м2,4 250 000 р.
1Кмалосемейка,"ПравобережныйЛенина пр-т, 98/1",6/9,30/17/6 м2,1 750 000 р.
,"Калмыкова, 14",8/9,65/45/8 м2,4 800 000 р.
3К,"Правобережныйул Суворова, 142",5/5,"50,8/36/6 м2",3 350 000 р.
3К,"Ленина пр-т, 34",5/5,"80,7/60/9 м2",5 300 000 р.
3К,"ул Ленинградская, 5/2",1/4,70/45/12 м2,5 900 000 р.
4К,"ОрджоникидзевскийСиреневый проезд, 21",7/9,"68,6/0/10 м2",5 700 000 р.
1К,"ОрджоникидзевскийКарла Маркса, 220",2/10,"42,5/0/8,5 м2",3 400 000 р.
3Кстарой планировки,"ЛенинскийМосковская, 47",1/5,"55,4/41/6 м2",3 010 000 р.
2Кбрежневка,"ОрджоникидзевскийВорошилова, 9",4/5,45/30/6 м2,3 190 000 р.
2Ксталинский вариант,"ЛенинскийЛенина пр-т, 8",2/4,50/35/7 м2,3 850 000 р.
3К,"ЛенинскийЛенина пр-т, 5",5/5,"70,3/40/9 м2",3 990 000 р.
3Кнестандартная,"ЛенинскийТимирязева, 45",2/2,78/30/20 м2,6 200 000 р.
1К,"Западное шоссе, 95",1/3,"36,2/20/10 м2",3 050 000 р.
2К,"Западное шоссе, 444ак4",3/4,66/40/12 м2,6 290 000 р.
2К,"Тевосяна, 4/1",6/9,65/40/11 м2,5 500 000 р.
2К,"Тевосяна, 9",9/9,50/30/9 м2,3 790 000 р.
3К,"Санаторная, 15/1",1/5,"63,4/45/8 м2",4 400 000 р.
3К,"Металлургов, 11",7/8,88/60/9 м2,7 000 000 р.
1К,"Карла Маркса, 115к5",2/5,31/17/6 м2,2 180 000 р.
2К,"Им. газеты ""Правда"", 63",5/5,"49,8/30/9 м2",3 450 000 р.
1К,"Карла Маркса, 233",4/10,"36,3/27/9 м2",2 500 000 р.
3К,"ул Ворошилова, 23/1",5/9,58/35/7 м2,4 350 000 р.
2К,"Орджоникидзевскийпр.Пушкина, 36",4/4,56/39/7 м2,1 980 000 р.
2К,"ул Калмыкова, 14",9/9,"50,2/0/8 м2",3 500 000 р.
1К,"Карла Маркса, 230/1",5/10,32/17/8 м2,2 500 000 р.
1К,"ул Жукова, 13/1",3/9,40/20/9 м2,3 050 000 р.
3Кленинградский проект,"ЛенинскийКарла Маркса, 55",2/5,76/50/9 м2,5 900 000 р.
3Кнестандартная,"Орджоникидзевский50-летия Магнитки, 61",3/9,61/45/9 м2,5 100 000 р.
2К,"Российская, 7",2/2,45/31/6 м2,500 000 р.
2Кнестандартная,"ЛенинскийЛенина пр-т, 55/1",4/5,42/30/6 м2,3 750 000 р.
3Кнестандартная,"ПравобережныйКарла Маркса, 156",5/9,62/42/8 м2,4 500 000 р.
2К,"ОрджоникидзевскийКарла Маркса, 233",4/10,60/36/16 м2,3 700 000 р.
4К,"ОрджоникидзевскийТруда, 18",9/9,"79/0/8,2 м2",5 990 000 р.
3Кнестандартная,"ОрджоникидзевскийВорошилова, 1",7/9,70/50/9 м2,5 990 000 р.
2К,"Коробова, 6/1",13/14,"66,2/40/10,5 м2",3 999 000 р.
3К,"ОрджоникидзевскийЖукова, 25",7/10,65/46/9 м2,5 400 000 р.
3Кбрежневка,"ЛенинскийОктябрьская, 32/1",5/5,"62,4/43/8 м2",4 500 000 р.
1Кхрущевка,"ЛенинскийКарла Маркса, 7",4/4,"32,4/17/6 м2",2 300 000 р.
2К,"Галиуллина, 11/2",5/5,44/27/6 м2,2 900 000 р.
1К,"Центральная, 9",1/1,32/17/7 м2,1 600 000 р.
3К,Орджоникидзевский (левый берег)Лесная,3/4,"46,4/34/6 м2",3 200 000 р.
3К,"Орджоникидзевский (левый берег)Чайковского, 51",2/3,44/34/6 м2,3 000 000 р.
3К,"ЛенинскийЛенина пр-т, 10",5/5,77/48/9 м2,3 650 000 р.
3Кнестандартная,"ОрджоникидзевскийЗавенягина, 6",7/16,82/50/10 м2,5 990 000 р.
,"Ленина пр-т, 212а",1/1,"18,4/12/5 м2",1 100 000 р.
1К,"Ленина пр-т, 220",1/1,35/18/12 м2,1 850 000 р.
2К,"Новая, 1/5",1/2,47/29/8 м2,550 000 р.
1К,"Ленина пр-т, 220",1/1,27/16/11 м2,1 900 000 р.
2К,"Новая, 1/5",1/2,47/29/8 м2,480 000 р.
3К,"Ленина пр-т, 214Б",1/1,70/50/14 м2,7 000 000 р.
2К,"Ленина пр-т, 214Б",1/1,52/31/14 м2,3 380 000 р.
2К,"Ленина пр-т, 212",1/1,35/20/10 м2,1 850 000 р.
1К,"ул Писарева, 27",2/5,"29,4/17/7 м2",2 250 000 р.
3К,"Зеленый Лог, 27",6/9,69/43/12 м2,5 650 000 р.
3К,"Карла Маркса, 155",7/9,65/43/8 м2,4 400 000 р.
3К,"Ленина пр-т, 133/3",1/5,"82,1/55/12 м2",9 500 000 р.
2К,"ПравобережныйИм. газеты ""Правда"", 23",4/5,"46,1/29/6 м2",2 600 000 р.
4К,"Панькова, 3",3/3,"82,3/60/8 м2",2 800 000 р.
3К,"ЛенинскийСалтыкова-Щедрина, 19",1/2,"55,8/40,8/6,4 м2",2 400 000 р.
3К,"Московская, 6",2/5,"61,8/46/7 м2",4 200 000 р.
2К,Правобережныйул. Суворова 95 к.1,1/5,43/28/6 м2,2 800 000 р.
3Кбрежневка,"ПравобережныйГрязнова, 30",2/5,"64/41,3/6,3 м2",4 000 000 р.
1К,"ЛенинскийУральская, 10/2",4/6,"46,2/22/15 м2",2 850 000 р.
4К,"Орджоникидзевский50-летия Магнитки, 44/1",1/5,"77,2/53/7 м2",5 100 000 р.
1К,"Им. газеты ""Правда"", 10/1",7/9,"30,1/16/6 м2",1 900 000 р.
4К,"Советская, 213/1",14/14,104/60/16 м2,6 590 000 р.
3К,"ПравобережныйСоветская, 123А/3",1/9,"65,3/0/6 м2",4 800 000 р.
3Кулучшенная,"ОрджоникидзевскийТруда, 3",6/9,65/43/9 м2,4 980 000 р.
1К,"Тевосяна, 2",7/9,"42,4/21,6/11,2 м2",3 699 000 р.
3К,"Мичурина, 28",5/5,60/45/6 м2,1 450 000 р.
1К,"ул имени газеты Правда, 22",3/5,32/0/6 м2,2 250 000 р.
2К,"Ленина пр-т, 133/1",6/10,"79,5/55/13 м2",6 650 000 р.
2Краздельная,"Орджоникидзевский (левый берег)Трамвайная, 25",1/3,43/31/6 м2,2 350 000 р.
2К,"ОрджоникидзевскийКоробова, 8",8/10,53/30/8 м2,3 590 000 р.
2К,"Орджоникидзевский (левый берег)Трамвайная, 25",1/3,43/31/6 м2,2 350 000 р.
3Кулучшенная,"ОрджоникидзевскийТевосяна, 25",5/9,"65,9/45/9 м2",4 500 000 р.
,"ул Лесопарковая, 93/1",10/10,"41,2/28/12,5 м2",3 150 000 р.
2К,"50-летия Магнитки, 40/1",1/9,50/32/9 м2,3 200 000 р.
3К,"ПравобережныйКарла Маркса, 113",5/5,"62,4/0/7 м2",3 200 000 р.
2Кстарой планировки,"ЛенинскийГерцена, 33",1/2,"68,5/45/15 м2",3 630 000 р.
1Кулучшенная,"ЛенинскийЧапаева, 4",1/3,"32,8/20/7 м2",2 850 000 р.
3К,"ПравобережныйСуворова, 140",4/5,"60,2/48/6 м2",3 850 000 р.
4Кнестандартная,"ОрджоникидзевскийСиреневый проезд, 22",2/9,"76,3/50/9 м2",5 500 000 р.
3К,"Карла Маркса, 214",4/16,"92,9/55/12 м2",8 800 000 р.
3К,"Коробова, 16/1",14/14,75/45/10 м2,4 500 000 р.
2К,29/4 ул. Школьная,1/2,"32,4/20/10 м2",2 480 000 р.
1К,"Курортная, 19",2/2,"14,1/12/0 м2",1 270 000 р.
2Кбрежневка,"ЛенинскийБурденко , 13",3/5,"44,1/30/6 м2",2 800 000 р.
4Кбрежневка,"ПравобережныйКарла Маркса, 130",5/5,65/50/6 м2,4 999 999 р.
2К,"Ленина пр-т, 49",5/5,60/35/9 м2,4 700 000 р.
3К,"Труда, 14",9/9,"65,3/42/9 м2",3 890 000 р.
1К,"Ленина пр-т, 106",1/5,"30,3/19/5 м2",1 850 000 р.
2К,"ул Завенягина, 10",4/9,"49,9/32/9 м2",3 850 000 р.
,"Ленина пр-т, 114/4",5/14,40/18/13 м2,2 620 000 р.
3К,"Западное шоссе, 107",1/2,69/40/20 м2,5 500 000 р.
3К,"ОрджоникидзевскийГалиуллина, 51",1/5,"58,4/38,6/6 м2",3 450 000 р.
1К,"ПравобережныйЛенина пр-т, 91",2/9,"35,6/13/12,5 м2",2 150 000 р.
3К,"ПравобережныйСталеваров, 26/2",3/5,62/46/6 м2,3 990 000 р.
2К,"ОрджоникидзевскийЛенина пр-т, 123",7/10,"62,7/46/8,5 м2",5 950 000 р.
3Кстарой планировки,"ЛенинскийПервомайская, 8",2/4,"78,3/50/10 м2",5 100 000 р.
3Кбрежневка,"ОрджоникидзевскийГалиуллина, 51",1/5,"58,4/38,6/6 м2",3 450 000 р.
1Кбрежневка,"ПравобережныйГрязнова, 47",5/5,32/18/6 м2,3 070 000 р.
3Кулучшенная,"Орджоникидзевский50-летия Магнитки, 38",7/9,65/45/9 м2,4 900 000 р.
2К,"Доменщиков, 15",1/5,"44,3/28/6 м2",3 300 000 р.
3Кулучшенная,"ОрджоникидзевскийКарла Маркса, 202",1/9,65/38/9 м2,3 870 000 р.
1Кполустудия,"ОрджоникидзевскийКарла Маркса, 231",6/10,"30,2/20/5 м2",1 950 000 р.
,"ул Панькова, 3",2/3,98/75/7 м2,4 300 000 р.
1К,"ул Лермонтова, 103",2/2,"34,4/14/10 м2",1 220 000 р.
2К,"Орджоникидзевский (левый берег)Фадеева, 16",2/2,44/32/6 м2,1 950 000 р.
1К,"ЛенинскийМосковская, 69",10/10,41/25/10 м2,2 690 000 р.
2Кбрежневка,"ЛенинскийТарасенко, 6",5/5,45/29/6 м2,1 800 000 р.
2К,"ул Черемушки, 13",2/2,40/22/6 м2,500 000 р.
2К,"ПравобережныйЛенина пр-т, 92",11/14,"60,8/0/9 м2",5 290 000 р.
3К,"ЛенинскийКорсикова, 2",3/3,"54,4/40,1/5,9 м2",3 450 000 р.
2К,"Ленинскийкарла маркса, 5",5/5,"43/28/6,2 м2",2 850 000 р.
3К,"уральская, 7/1",1/5,"61,2/44/8 м2",2 750 000 р.
2Кгребенка,"ЛенинскийНабережная, 16",2/5,60/35/9 м2,4 200 000 р.
2К,Центральная,1/2,45/0/10 м2,3 700 000 р.
2К,"ОрджоникидзевскийЗеленый Лог, 15",7/10,"46,2/28/6 м2",2 700 000 р.
2К,"ул. Курортная, 10",5/5,52/40/12 м2,4 999 000 р.
2Краздельная,"ОрджоникидзевскийЗеленый лог, 27/1",7/10,"47,4/28/7 м2",3 300 000 р.
1Кулучшенная,"ЛенинскийМосковская, 71",3/9,"32,1/17/8 м2",2 500 000 р.
2Кбрежневка,"ПравобережныйСоветская, 147/2",3/5,"43,9/30,1/6 м2",2 790 000 р.
3К,"ОрджоникидзевскийКарла Маркса, 190",7/12,66/42/9 м2,4 000 000 р.
3К,"ЛенинскийКомсомольская, 29",3/4,74/46/10 м2,6 300 000 р.
1К,26 ул. Горнолыжная,1/2,23/13/0 м2,2 150 000 р.
1Кнестандартная,"ЛенинскийНиколая Шишка, 9",2/2,"28,8/26/11,3 м2",1 875 000 р.
4К,"Орджоникидзевский (левый берег)Чайковского, 64",3/3,103/70/13 м2,3 300 000 р.
2К,"ЛенинскийЛенина пр-т, 8",2/5,48/32/8 м2,3 600 000 р.
1К,"ПравобережныйЛенина пр-т, 91/1",9/9,"32,5/17/7 м2",1 550 000 р.
3К,"ПравобережныйКарла Маркса, 123",6/9,"60,8/44,1/9 м2",3 560 000 р.
2Кбрежневка,"ПравобережныйКарла Маркса, 124/1",4/5,44/29/6 м2,2 900 000 р.
3К,"ПравобережныйСоветская, 153",5/5,"60,8/47/7 м2",3 700 000 р.
1К,"ОрджоникидзевскийТруда, 59/2",3/9,41/21/9 м2,3 250 000 р.
3Кленинградский проект,"ЛенинскийКалинина, 20",2/5,81/47/8 м2,4 900 000 р.
2К,Орджоникидзевский145/1,1/5,"49,4/34/9 м2",3 600 000 р.
2К,"Ленинскийул. Куйбышева, 20",1/3,53/36/8 м2,3 300 000 р.
2К,"ПравобережныйКарла Маркса, 111/2",4/5,46/30/6 м2,3 390 000 р.
2Кбрежневка,"ПравобережныйСоветской Армии, 5",5/5,44/29/7 м2,3 100 000 р.
3К,"Труда, 31",4/9,69/42/9 м2,5 170 000 р.
1Кнестандартная,"Орджоникидзевский50-летия Магнитки, 58",9/14,"36,1/18/9,5 м2",1 900 000 р.
3Кстарой планировки,"ЛенинскийМеталлургов, 2А",6/8,"82,9/61/9 м2",4 800 000 р.
2Кулучшенная,"ОрджоникидзевскийКарла Маркса, 179",9/9,"49,1/34/9 м2",3 650 000 р.
2Кбрежневка,"ПравобережныйИм. газеты ""Правда"", 52",4/5,"42,1/27/6 м2",2 950 000 р.
2К,"Зеленый Лог, 63",1/3,84/55/17 м2,5 870 000 р.
1К,"ул Николая Шишка, 20",2/5,"31,7/18/6 м2",2 350 000 р.
3К,"Зеленый Лог, 63",1/3,77/49/14 м2,5 200 000 р.
2К,"Советская, 127/2",4/5,45/31/6 м2,2 200 000 р.
2К,"ЛенинскийТургенева, 16/1",9/9,45/30/6 м2,2 200 000 р.
1К,"ПравобережныйЛенина пр-т, 88",6/16,"32,8/24/24 м2",3 550 000 р.
2Краздельная,"ПравобережныйМичурина, 95",2/5,"44,5/30/6 м2",3 050 000 р.
2К,"Карла Маркса, 208",4/9,"52,6/40/9 м2",3 750 000 р.
2К,"Зеленый Лог, 63",2/3,58/40/12 м2,4 000 000 р.
1К,"Ленина пр-т, 87А",8/10,39/17/13 м2,2 550 000 р.
3К,"Орджоникидзевский50-летия Магнитки, 33",5/9,74/0/10 м2,5 450 000 р.
2Ксталинский вариант,"ЛенинскийДостоевского, 24",1/2,45/27/7 м2,2 800 000 р.
2К,"Ленина пр-т, 87а",5/14,60/47/12 м2,4 000 000 р.
1К,"Ленина пр-т, 87а",7/14,50/0/12 м2,3 000 000 р.
,"Ленина пр-т, 87а",6/14,45/37/8 м2,2 800 000 р.
2К,"Доменщиков, 1",3/5,"45,8/30/6 м2",3 000 000 р.
1К,"Ленина пр-т, 218",1/1,"34,3/25/5 м2",1 850 000 р.
3К,"ОрджоникидзевскийТруда, 19",2/16,89/60/12 м2,6 400 000 р.
3К,"ЛенинскийУральская, 4/1",8/9,"58,6/35/8 м2",3 390 000 р.
3К,"Труда, 2",1/2,"63,4/0/0 м2",530 000 р.
3К,"ул Вокзальная, 130",4/5,53/25/6 м2,3 300 000 р.
1К,"ПравобережныйЛенина пр-т, 86\2",3/5,"31,9/19/6 м2",2 000 000 р.
2Кстарой планировки,"ЛенинскийЧапаева, 11",3/4,61/34/9 м2,3 600 000 р.
2Кхрущевка,"Орджоникидзевский (левый берег)70 лет Октября, 55",1/1,49/30/12 м2,2 300 000 р.
2Кгребенка,"ЛенинскийНабережная, 16",2/5,61/33/10 м2,4 400 000 р.
3К,"Правобережныйул. имени газеты Правда, 9",3/9,66/50/9 м2,3 850 000 р.
4Краспашонка,"ПравобережныйКарла Маркса, 138",5/5,62/50/6 м2,3 715 055 р.
2К,"ОрджоникидзевскийФадеева, 18",2/2,45/0/7 м2,1 800 000 р.
1К,ПравобережныйСоветский переулок 12,5/5,"33,9/17/9 м2",2 350 000 р.
2Кулучшенная,"ОрджоникидзевскийКарла Маркса, 237/2",6/9,"50/28,8/7 м2",2 900 000 р.
2Кулучшенная,"Орджоникидзевскийзеленый лог, 33",7/9,48/26/12 м2,3 100 000 р.
3К,"Орджоникидзевский (левый берег)Красноармейская, 5",2/3,42/29/6 м2,2 890 000 р.
,"Ленина пр-т, 2/2",1/1,"45,5/32/6 м2",
2К,"Советская, 129/1",1/5,"44,3/30/6 м2",2 800 000 р.
2К,"правобережныйул Помяловского, 7",4/5,"43,5/27/6 м2",2 650 000 р.
3К,"Орджоникидзевскийул Репина, 12",1/1,55/39/6 м2,
3К,"ЛенинскийЛенина пр-т, 18",4/5,"74,5/55/11 м2",4 510 000 р.
2К,Орджоникидзевскийул. Подольская,1/1,69/40/15 м2,4 290 000 р.
2К,"ул Зеленый лог, 30/1",1/10,73/50/12 м2,4 950 000 р.
2К,"Вокзальная, 2",2/2,52/45/7 м2,800 000 р.
1К,"Карла Маркса, 64/1",5/5,304/17/6 м2,2 100 000 р.
1К,"Набережная, 7/1",1/3,26/18/2 м2,3 250 000 р.
3Кстарой планировки,"ЛенинскийКарла Маркса, 18",2/5,"82,1/53/8,1 м2",4 400 000 р.
2Кбрежневка,"ПравобережныйГагарина, 15",3/9,42/27/6 м2,2 830 000 р.
2К,"ОрджоникидзевскийТруда, 61/1",5/10,"65,1/38/12 м2",5 600 000 р.
3К,"ПравобережныйСталеваров, 17/2",9/17,"152/67/19,3 м2",7 700 000 р.
1К,"ул. Курортная, 85к7",1/3,37/0/7 м2,3 800 000 р.
2К,"ОрджоникидзевскийСочинская, 45/1",2/3,"50/24/12,7 м2",3 650 000 р.
1К,"ПравобережныйСуворова, 95/1",2/5,"30,4/18/6 м2",2 230 000 р.
1К,"ОрджоникидзевскийКарла Маркса, 214",13/16,53/30/14 м2,3 100 000 р.
1К,"ул. Курортная, 8",4/5,35/20/4 м2,3 500 000 р.
2К,"ОрджоникидзевскийТруда, 35",5/9,49/30/9 м2,2 800 000 р.
3К,"Ленина пр-т, 10",3/4,"76,8/48/9 м2",4 999 000 р.
3К,"ул. Курортная, 23",2/2,90/60/7 м2,7 400 000 р.
2К,"ПравобережныйИм. газеты ""Правда"", 23",4/5,"46,1/29/6 м2",2 600 000 р.
1К,"Советская, 123А/1",10/10,318/17/8 м2,2 650 000 р.
3К,"ул Оранжерейная, 1/1",1/1,79/57/10 м2,7 000 000 р.
1К,"ул. Курортная, 10",3/5,"16,5/11/3 м2",2 330 000 р.
3К,сад Горняк,1/1,50/29/5 м2,550 000 р.
1К,"ЛенинскийПомяловского, 15/1",2/5,31/16/6 м2,1 850 000 р.
3К,Орджоникидзевский133/1,5/9,"109/66,7/13,1 м2",7 900 000 р.
2К,"ЛенинскийМосковская, 12/1",2/5,41/0/6 м2,2 590 000 р.
1К,"ОрджоникидзевскийЗеленый Лог, 35",8/10,"43,7/20/14 м2",3 400 000 р.
1К,"ЛенинскийПомяловского, 13",1/5,33/18/6 м2,1 950 000 р.
3К,"Советская, 5",1/1,"60,4/45/11 м2",700 000 р.
2К,"ЛенинскийКомсомольская, 37",2/4,"51,7/0/9 м2",2 950 000 р.
3Ксталинский вариант,"Орджоникидзевский (левый берег)Ржевского переулок, 9",2/5,68/53/6 м2,2 750 000 р.
2К,"Ленина пр-т, 102",5/5,"44,7/29/6,5 м2",2 900 000 р.
3К,"ОрджоникидзевскийЗеленый Лог, 30/1",2/10,109/70/16 м2,6 850 000 р.
2Кстарой планировки,"ЛенинскийЛенина пр-т, 17",3/3,55/33/6 м2,3 700 000 р.
4Краздельная,"ОрджоникидзевскийСоветская, 174",1/9,81/68/8 м2,4 100 000 р.
2К,"ЛенинскийВокзальная, 144/1",2/10,"40,6/0/5,6 м2",2 700 000 р.
2К,"ОрджоникидзевскийКарла Маркса, 218",3/10,"56,5/34,7/8,4 м2",3 800 000 р.
3К,"ЛенинскийЛенина пр-т, 52/3",5/5,46/29/6 м2,2 299 000 р.
2Кнестандартная,"ЛенинскийМеталлургов, 5",5/5,"56/33,5/9 м2",3 800 000 р.
2К,"ЛенинскийЛенинградская, 4",4/4,"55/32,5/9 м2",3 800 000 р.
3Кулучшенная,"ПравобережныйКарла Маркса, 170",5/9,"65,4/45/9 м2",4 250 000 р.
3К,"Чапаева, 13",5/5,76/50/8 м2,4 900 000 р.
2К,"Труда, 49/1",6/9,50/31/9 м2,3 300 000 р.
1Кнестандартная,"ОрджоникидзевскийТевосяна, 2",2/10,"43,1/18,8/11,1 м2",3 890 000 р.
1К,"Анджиевского, 36А",5/5,"37,8/19/10,1 м2",3 500 000 р.
1К,"Псекупская, 128",3/4,"42,7/14/10 м2",6 200 000 р.
2К,"ул. Габдрауфа Давлетова, 14",1/1,55/25/30 м2,1 250 000 р.
1К,"ул. Курортная, 6",2/4,23/17/0 м2,1 580 000 р.
2К,"ЛенинскийОктябрьская, 30",3/5,"44,2/35/6 м2",3 199 000 р.
2Краздельная,"ПравобережныйКарла Маркса, 111/1",3/5,44/30/6 м2,2 950 000 р.
2К,"Солнечный Берег, 10А",2/3,"59,6/32/12,9 м2",5 781 200 р.
1Ксвердловский вариант,"ОрджоникидзевскийКарла Маркса, 181",11/12,36/18/9 м2,2 000 000 р.
2К,"Центральная, 3",2/2,44/30/8 м2,470 000 р.
3К,"ОрджоникидзевскийКалмыкова, 3",7/9,"65,6/42/9 м2",3 650 000 р.
1К,"Центральная, 24",1/3,"21,9/18/1 м2",1 642 500 р.
2К,"ПравобережныйЗападное шоссе, 111",1/3,"47,6/47,6/25 м2",3 900 000 р.
2К,"Труда, 61",5/9,"63/38/11,4 м2",4 200 000 р.
2К,"орджоникидзевскийЧкалова, 13",4/4,"54,7/40/8 м2",2 150 000 р.
3К,"ул. Пушкина, 3",4/5,"62,7/47/7 м2",1 850 000 р.
2К,"Карла Маркса, 202",5/9,49/34/8 м2,3 700 000 р.
2К,14,0/1,100/65/25 м2,3 600 000 р.
4К,"ул. Тагира Кусимова, 1/2",1/2,69/50/6 м2,5 500 000 р.
2Кхрущевка ,"ПравобережныйИм. газеты ""Правда"", 30/1",1/5,"43,2/28/6,5 м2",2 649 899 р.
2К,"ЛенинскийЛомоносова, 34",1/4,60/40/9 м2,4 300 000 р.
2К,"ЛенинскийНиколая Шишка, 12",1/5,44/29/7 м2,2 850 000 р.
2К,"ЛенинскийЛенина пр-т, 24",1/5,42/30/6 м2,2 200 000 р.
3К,"Садовая, 7",1/2,59/35/8 м2,3 300 000 р.
2К,"ЛенинскийМосковская, 35",1/3,59/33/9 м2,2 550 000 р.
2К,"ЛенинскийУральская, 10/2",4/5,"62,8/38/9 м2",3 699 000 р.
2К,Ленина пр-т,5/5,"42,9/26/5,9 м2",4 800 000 р.
2К,"ОрджоникидзевскийКарла Маркса, 220/1",2/10,"56,5/35/9 м2",4 000 000 р.
1К,"ЛенинскийОктябрьская, 34",3/5,31/20/7 м2,1 950 000 р.
2К,"ЛенинскийМосковская, 43",2/4,"47,9/10/8 м2",3 990 000 р.
2К,"ОрджоникидзевскийЗеленый Лог, 69/1",2/3,"55,7/29,5/12,7 м2",3 287 000 р.
2К,"ОрджоникидзевскийЗеленый Лог, 69/1",2/3,"78/62,7/15 м2",4 446 000 р.
2К,"ОрджоникидзевскийСочинская, 47/1",2/3,50/36/12 м2,2 590 000 р.
1К,"Ленина пр-т, 213а",1/1,35/0/10 м2,1 850 000 р.
1К,"ул. Горнолыжная, 26",2/2,16/14/2 м2,1 350 000 р.
1К,"ПравобережныйЛенина пр-т, 87а",5/16,26/14/7 м2,3 145 000 р.
2К,"ул. Курортная, 33",1/5,"47,3/0/10 м2",3 000 000 р.
1К,"ул. Курортная, 3",2/5,"22,5/15/5 м2",1 580 000 р.
3К,"ПравобережныйЗападное шоссе, 95",1/2,"67,2/45/12 м2",5 000 000 р.
3Кнестандартная,"ЛенинскийНиколая Шишка, 22",5/5,74/56/9 м2,5 500 000 р.
2К,"Молодежная, 19А",1/5,"41/22,2/7,2 м2",930 000 р.
2Кулучшенная,"ОрджоникидзевскийСиреневый проезд, 10",3/9,50/30/9 м2,3 350 000 р.
3Кулучшенная,"ОрджоникидзевскийВорошилова, 35",7/9,65/43/9 м2,4 200 000 р.
3К,"ПравобережныйСоветской Армии, 51",8/9,67/47/9 м2,5 600 000 р.
4Кнестандартная,"Орджоникидзевский (правый берег)50 лет Магнитки, 66",7/13,86/55/9 м2,7 000 000 р.
